id;instruction_id;submatter_id;work_line_id;title;status;year;legacy_item_code;title_eu;title_gl;title_ca;title_va
o1;i1;s1;w1;Aprobar los instrumentos jurídico-normativos mínimos (Ordenanza AE, Políticas, etc.);Activo;2026;IE_001;Gutxieneko tresna juridiko-normatiboak onartzea (AE Ordenantza, Politikoak, etab.);Aprobar os instrumentos xurídico-normativos mínimos (Ordenanza AE, Políticas etc.)/ etc.);Aprovar els instruments jurídic-normatius mínims (Ordenança AE, Polítiques, etc.);Aprovar els instruments jurídic-normatius mínims (Ordenança AE, Polítiques, etc.)
o2;i1;s1;w1;Firmar el Convenio PMSBAE;Activo;2026;IE_002;PMSBAE hitzarmena sinatzea;Asinar o Convenio PMSBAE;Signar el Conveni PMSBAE;Firmar el Conveni PMSBAE
o3;i1;s2;w2;Completar el proceso de Ratificación de Cargos;Activo;2026;IE_003;Karguak berresteko prozesua osatzea;Completar o proceso de Ratificación de Cargos;Completar el procés de Ratificació de Càrrecs;Completar el procés de Ratificació de Càrrecs
o4;i1;s3;w1;Nombrar funcionarios habilitados para la OAMR;Activo;2026;IE_004;OAMRrako gaitutako funtzionarioak izendatzea;Nomear funcionarios habilitados para a OAMR;Nomenar funcionaris habilitats per a la OAMR;Nomenar funcionaris habilitats per a la OAMR
o5;i1;s2;w2;Configurar correctamente el calendario de días hábiles;Activo;2026;IE_005;Egun baliodunen egutegia behar bezala konfiguratzea;Configurar correctamente o calendario de días hábiles;Configurar correctament el calendari de dies hàbils;Configurar correctament el calendari de dies hàbils
o6;i1;s2;w3;Reforzar una gestión correcta de los datos de usuarios y grupos;Activo;2026;IE_006;Erabiltzaileen eta taldeen datuen kudeaketa egokia indartzea;Reforzar unha xestión correcta dos datos de usuarios e grupos;Reforçar una gestió correcta de les dades d'usuaris i grups;Reforçar una gestió correcta de les dades d'usuaris i grups
o7;i2;s4;w4;Configuración avanzada plantillas de OOCC;Activo;2026;IE_012;OOCC txantiloien konfigurazio aurreratua;Configuración avanzada persoais de OOCC;Configuració avançada plantilles de OOCC;Configuració avançada plantilles de OOCC
o8;i3;s5;w1;Configurar redes sociales para retransmisión en directo desde la sede;Activo;2026;IE_014;Sare sozialak konfiguratu egoitzatik zuzenean emateko;Configurar redes sociais para retransmisión en directo desde a sede;Configurar xarxes socials per a retransmissió en directe des de la seu;Configurar xarxes socials per a retransmissió en directe des de la seu
o9;i4;s6;w4;Asignación de grupos a series documentales;Activo;2026;IE_016;Dokumentu-segidei taldeak esleitzea;Asignación de grupos a series documentais;Assignació de grups a sèries documentals;Assignació de grups a sèries documentals
o10;i4;s6;w2;Vincular series documentales al catálogo de procedimientos;Activo;2026;IE_019;Dokumentu-serieak prozeduren katalogoarekin lotzea;Vincular series documentais ao catálogo de procedementos;Vincular sèries documentals al catàleg de procediments;Vincular sèries documentals al catàleg de procediments
o11;i4;s6;w2;Carga del Cuadro de Clasificación;Activo;2026;IE_020;Sailkapen-koadroaren karga;Carga do Cadro de Clasificación;Càrrega del Quadre de Classificació;Càrrega del Quadre de Classificació
o12;i3;s7;w5;Implantar trámites externos avanzados (condicionales, tesauros inteligentes, etc.);Activo;2026;IE_023;Kanpoko izapide aurreratuak ezartzea (baldintzazkoak, tesauro adimendunak, etab.);Implantar trámites externos avanzados (condicionais, tesauros intelixentes etc.)/ etc.);Implantar tràmits externs avançats (condicionals, tesaurus intel·ligents, etc.);Implantar tràmits externs avançats (condicionals, tesaurus intel·ligents, etc.)
o13;i3;s8;w2;Implantar el módulo de Registro de Entrada;Activo;2026;IE_025;Sarrera-erregistroaren modulua ezartzea;Implantar o módulo de Rexistro de Entrada;Implantar el mòdul de Registre d'Entrada;Implantar el mòdul de Registre d'Entrada
o14;i1;s2;w2;Configuración de Notificaciones;Activo;2026;IE_026;Jakinarazpenen konfigurazioa;Configuración de Notificacións;Configuració de Notificacions;Configuració de Notificacions
o15;i3;s9;w2;Implantar la Copia Auténtica;Activo;2026;IE_028;Kopia autentikoa ezartzea;Implantar a Copia Auténtica;Implantar la Còpia Autèntica;Implantar la Còpia Autèntica
o16;i3;s8;w3;Reforzar una gestión correcta del Registro (finalización de anotaciones, asociación de expedientes, etc.);Activo;2026;IE_029;Erregistroaren kudeaketa egokia indartzea (idatzoharrak amaitzea, espedienteak lotzea, etab.);Reforzar unha xestión correcta do Rexistro (finalización de anotacións, asociación de expedientes etc.)/ etc.);Reforçar una gestió correcta del Registre (finalització d'anotacions, associació d'expedients, etc.);Reforçar una gestió correcta del Registre (finalització d'anotacions, associació d'expedients, etc.)
o17;i3;s8;w1;Definir una política de gestión y mantenimiento del registro  ;Activo;2026;IE_031;Erregistroa kudeatzeko eta mantentzeko politika definitzea;Definir unha política de xestión e mantemento do rexistro;Definir una política de gestió i manteniment del registre;Definir una política de gestió i manteniment del registre
o18;i3;s10;w3;Rellenar resultado de las notificaciones;Activo;2026;IE_033;Jakinarazpenen emaitza bete;Encher resultado das notificacións;Emplenar resultat de les notificacions;Emplenar resultat de les notificacions
o19;i3;s8;w4;Configuración de Temas y Categorías de registro;Activo;2026;IE_034;Erregistro-gaiak eta -kategoriak konfiguratzea;Configuración de Temas e Categorías de rexistro;Configuració de Temes i Categories de registre;Configuració de Temes i Categories de registre
o20;i1;s11;w2;Activar la integración con SIR / MUX para el intercambio de registros;Activo;2026;IE_036;SIR/MUXekiko integrazioa aktibatzea, erregistroak trukatzeko;Activar a integración con SIR / MUX para o intercambio de rexistros;Activar la integració amb SIR / MUX per a l'intercanvi de registres;Activar la integració amb SIR / MUX per a l'intercanvi de registres
o21;i3;s10;w3;Reforzar una gestión correcta de la bandeja SIR;Activo;2026;IE_037;SIR erretiluaren kudeaketa egokia indartzea;Reforzar unha xestión correcta da bandexa SIR;Reforçar una gestió correcta de la safata SIR;Reforçar una gestió correcta de la safata SIR
o22;i1;s11;w2;Activar la integración con Notifica / eNotum;Activo;2026;IE_039;Aktibatu integrazioa Notifica/eNotum bidez;Activar a integración con Notifica / eNotum;Activar la integració amb Notifica / eNotum;Activar la integració amb Notifica / eNotum
o23;i1;s11;w6;Activar la integración con el Tablon Edictal Único del BOE;Activo;2026;IE_040;BOEko Ediktu Taula Bakarrarekiko integrazioa aktibatzea;Activar a integración co Tablon Edictal Único do BOE;Activar la integració amb el Tablon Edictal Únic del BOE;Activar la integració amb el Tablon Edictal Únic del BOE
o24;i3;s12;w4;Activar la integración con los CIEs de Notifica para Impresión y ensobrado;Activo;2026;IE_041;Aktibatu Notifikazioko CIEekiko integrazioa inprimatzeko eta gutun-azaletarako;Activar a integración cos CIEs de Notifica para Impresión e ensobrado;Activar la integració amb els CIEs de Notifica per a Impressió i ensobrat;Activar la integració amb els CIEs de Notifica per a Impressió i ensobrat
o25;i3;s9;w2;Implantación de trámites externos en OAMR;Activo;2026;IE_042;Kanpoko izapideak ezartzea OAMRn;Implantación de trámites externos en OAMR;Implantació de tràmits externs en OAMR;Implantació de tràmits externs en OAMR
o26;i3;s9;w5;Implantar la Firma Biométrica en la OAMR;Activo;2026;IE_043;Sinadura biometrikoa ezartzea OAMRn;Implantar a Firma Biométrica na OAMR;Implantar la Signatura Biomètrica en la OAMR;Implantar la Firma Biomètrica en la OAMR
o27;i3;s13;w2;Implantación módulo de sede electrónica;Activo;2026;IE_048;Egoitza elektronikoaren modulua ezartzea;Implantación módulo de sede electrónica;Implantació mòdul de seu electrònica;Implantació mòdul de seu electrònica
o28;i1;s11;w2;Activar la integración de Cl@ve / IDCAT Móbil;Activo;2026;IE_049;Aktibatu Cl@ve/IDCAT Mobilen integrazioa;Activar a integración de Cl@ve / IDCAT Móbil;Activar la integració de Cl@ve / IDCAT Móbil;Activar la integració de Cl@ve / IDCAT Móbil
o29;i1;s11;w6;Activar la integración de Apodera;Activo;2026;IE_050;Apoderaren integrazioa aktibatzea;Activar a integración de Apodera;Activar la integració de Apodera;Activar la integració de Apodera
o30;i3;s13;w1;Impulsar el uso de la Sede Electrónica para Empleados (licencias, vacaciones, etc.);Activo;2026;IE_052;Enplegatuentzako egoitza elektronikoaren erabilera bultzatzea (lizentziak, oporrak, etab.);Impulsar o uso da Sede electrónica para Empregados (licenzas, vacacións etc.)/ etc.);Impulsar l'ús de la Seu Electrònica per a Empleats (llicències, vacances, etc.);Impulsar l'ús de la Seu Electrònica per a Empleats (llicències, vacacions, etc.)
o31;i3;s13;w1;Impulsar el uso de la Sede Electrónica de los Cargos Públicos (asistencia a órganos, registro..);Activo;2026;IE_053;Kargu publikoen egoitza elektronikoaren erabilera bultzatzea (organoetara joatea, erregistroa...);Impulsar o uso da Sede electrónica dos Cargos Públicos (asistencia a órganos, rexistro..);Impulsar l'ús de la Seu Electrònica dels Càrrecs Públics (assistència a òrgans, registre..);Impulsar l'ús de la Seu Electrònica dels Càrrecs Públics (assistència a òrgans, registre..)
o32;i3;s13;w1;Impulsar el uso del portafirmas ciudadano en Sede Electrónica;Activo;2026;IE_054;Herritarren portafirmen erabilera bultzatzea egoitza elektronikoan;Impulsar o uso do portasinaturas cidadán en Sede electrónica;Impulsar l'ús del portafirmes ciutadà en Seu Electrònica;Impulsar l'ús del portafirmes ciutadà en Seu Electrònica
o33;i1;s14;w5;Implantar petición automatizada de documentos individuales de padrón en sede electrónica;Activo;2026;IE_055;Errolda-agiri indibidualen eskaera automatizatua ezartzea egoitza elektronikoan;Implantar petición automatizada de documentos individuais de padrón en sede electrónica;Implantar petició automatitzada de documents individuals de padró en seu electrònica;Implantar petició automatitzada de documents individuals de padró en seu electrònica
o34;i3;s13;w2;Configuración general sede electrónica;Activo;2026;IE_056;Egoitza elektronikoaren konfigurazio orokorra;Configuración xeral sede electrónica;Configuració general seu electrònica;Configuració general seu electrònica
o35;i3;s13;w7;Implantar el tablón de anuncios;Activo;2026;IE_057;Iragarki-taula ezartzea;Implantar o taboleiro de anuncios;Implantar el tauler d'anuncis;Implantar el tauler d'anuncis
o36;i3;s13;w7;Implantar el módulo de transparencia;Activo;2026;IE_058;Gardentasun-modulua ezartzea;Implantar o módulo de transparency;Implantar el mòdul de transparència;Implantar el mòdul de transparència
o37;i4;s15;w2;Configurar que no pueda utilizarse el procedimiento genérico;Activo;2026;IE_060;Prozedura generikoa ezin dela erabili konfiguratzea;Configurar que non poida utilizarse o procedemento xenérico;Configurar que no pugui utilitzar-se el procediment genèric;Configurar que no puga utilitzar-se el procediment genèric
o38;i4;s16;w1;Definir una política de normalización de expedientes y documentos;Activo;2026;IE_062;Espedienteak eta dokumentuak normalizatzeko politika definitzea;Definir unha política de normalización de expedientes e documentos;Definir una política de normalització d'expedients i documents;Definir una política de normalització d'expedients i documents
o39;i4;s15;w6;Configurar reglas de apertura, uso y asignación del catálogo de actividades y procedimientos;Activo;2026;IE_063;Jardueren eta prozeduren katalogoa irekitzeko, erabiltzeko eta esleitzeko arauak konfiguratzea;Configurar regras de apertura, uso e asignación do catálogo de actividades e procedementos;Configurar regles d'obertura, ús i assignació del catàleg d'activitats i procediments;Configurar regles d'obertura, ús i assignació del catàleg d'activitats i procediments
o40;i4;s6;w7;Reforzar una gestión correcta del cerrado y revisión para transferencia de los expedientes;Activo;2026;IE_071;Itxiaren kudeaketa egokia eta espedienteen transferentziarako berrikuspena indartzea;Reforzar unha xestión correcta do pechado e revisión para transferencia dos expedientes;Reforçar una gestió correcta del tancat i revisió per a transferència dels expedients;Reforçar una gestió correcta del tancat i revisió per a transferència dels expedients
o41;i4;s17;w3;Reclasificar el histórico de expedientes en base al cuadro de clasificación;Activo;2026;IE_072;Espedienteen historikoa sailkapen-taularen arabera birsailkatzea;Reclasificar o histórico de expedientes en base ao cadro de clasificación;Reclassificar l'històric d'expedients sobre la base del quadre de classificació;Reclassificar l'històric d'expedients sobre la base del quadre de classificació
o42;i4;s16;w3;Realizar una limpieza de las descripciones de los expedientes (datos básicos, terceros, catastro…);Activo;2026;IE_074;Espedienteen deskribapenak garbitzea (oinarrizko datuak, hirugarrenak, katastroa...);Realizar unha limpeza das descricións dos expedientes (datos básicos, terceiros, catastro…);Realitzar una neteja de les descripcions dels expedients (dades bàsiques, tercers, cadastre…);Realitzar una neteja de les descripcions dels expedients (dades bàsiques, tercers, cadastre…)
o43;i1;s11;w4;Activar la integración con INSIDE;Activo;2026;IE_075;INSIDErekiko integrazioa aktibatzea;Activar a integración con INSIDE;Activar la integració amb INSIDE;Activar la integració amb INSIDE
o44;i4;s18;w2;Vinculación series documentales a funcionalidad libros;Activo;2026;IE_076;Dokumentu-segidak liburuen funtzionaltasunarekin lotzea;Vinculación series documentais a funcionalidade libros;Vinculació sèries documentals a funcionalitat llibres;Vinculació sèries documentals a funcionalitat llibres
o45;i1;s19;w2;Activar los servicios de certificación de esFIRMA;Activo;2026;IE_077;Aktibatu esFIRMA ziurtapen-zerbitzuak;Activar os servizos de certificación de esFIRMA;Activar els serveis de certificació de esFIRMA;Activar els servicis de certificació de esFIRMA
o46;i2;s20;w2;Desplegar las Tarjetas virtuales de Firma entre los usuarios con permiso de firma;Activo;2026;IE_079;Sinadura-txartel birtualak zabaldu sinadura-baimena duten erabiltzaileen artean;Despregar as Tarxetas virtuais de Firma entre os usuarios con permiso de firma;Desplegar les Targetes virtuals de Signatura entre els usuaris amb permís de signatura;Desplegar les Targetes virtuals de Firma entre els usuaris amb permís de firma
o47;i2;s20;w2;Desplegar las Tarjetas virtuales de Firma (con seudónimo) entre los usuarios con permiso de firma;Activo;2026;IE_080;Sinadura-txartel birtualak (ezizenarekin) zabaldu sinadura-baimena duten erabiltzaileen artean;Despregar as Tarxetas virtuais de Firma (con pseudónimo) entre os usuarios con permiso de firma;Desplegar les Targetes virtuals de Signatura (amb pseudònim) entre els usuaris amb permís de signatura;Desplegar les Targetes virtuals de Firma (amb pseudònim) entre els usuaris amb permís de firma
o48;i2;s20;w2;Desplegar APP Móvil entre los usuarios con permiso de firma y/o validación;Activo;2026;IE_081;APP mugikorra zabaldu sinadura- eta/edo balidazio-baimena duten erabiltzaileen artean;Despregar APP Móbil entre os usuarios con permiso de firma e/o validación;Desplegar APP Mòbil entre els usuaris amb permís de signatura i/o validació;Desplegar APP Mòbil entre els usuaris amb permís de firma i/o validació
o49;i2;s21;w7;Implantar Actuaciones Administrativas Automatizadas con Sello de Órgano;Activo;2026;IE_083;Organo-zigilua duten administrazio-jarduera automatizatuak ezartzea;Implantar Actuacións Administrativas Automatizadas con Selo de Órgano;Implantar Actuacions Administratives Automatitzades amb Segell d'Òrgan;Implantar Actuacions Administratives Automatitzades amb Segell d'Òrgan
o50;i2;s20;w7;Implantar el módulo de validación de documentos;Activo;2026;IE_085;Dokumentuak baliozkotzeko modulua ezartzea;Implantar o módulo de validación de documentos;Implantar el mòdul de validació de documents;Implantar el mòdul de validació de documents
o51;i2;s22;w2;Implantar circuitos de tramitación ;Activo;2026;IE_087;Izapidetze-zirkuituak ezartzea;Implantar circuítos de tramitación;Implantar circuits de tramitació;Implantar circuits de tramitació
o52;i1;s2;w4;Definir circuitos de tramitación para centros gestores específicos;Activo;2026;IE_089;Berariazko zentro kudeatzaileetarako izapidetze-zirkuituak definitzea;Definir circuítos de tramitación para centros xestores específicos;Definir circuits de tramitació per a centres gestors específics;Definir circuits de tramitació per a centres gestors específics
o53;i2;s22;w3;Reforzar una correcta gestión de los circuitos de tramitación;Activo;2026;IE_090;Izapidetze-zirkuituen kudeaketa egokia indartzea;Reforzar unha correcta xestión dos circuítos de tramitación;Reforçar una correcta gestió dels circuits de tramitació;Reforçar una correcta gestió dels circuits de tramitació
o54;i2;s21;w2;Implantación de Gestiona Envía;Activo;2026;IE_092;Kudeaketa bidaltzailea ezartzea;Implantación de Xestiona Envía;Implantació de Gestiona Envia;Implantació de Gestiona Envia
o55;i2;s23;w2;Implantar el módulo de libros oficiales;Activo;2026;IE_093;Liburu ofizialen modulua ezartzea;Implantar o módulo de libros oficiais;Implantar el mòdul de llibres oficials;Implantar el mòdul de llibres oficials
o56;i1;s24;w6;Encajar el DIR3 de la entidad con la clasificación contable orgánica (sólo para facturas);Activo;2026;IE_094;Erakundearen DIR3 kontabilitate-sailkapen organikoarekin bat etortzea (fakturetarako soilik);Encaixar o DIR3 da entidade coa clasificación contable orgánica (só para facturas);Encaixar el DIR3 de l'entitat amb la classificació comptable orgànica (només per a factures);Encaixar el DIR3 de l'entitat amb la classificació comptable orgànica (només per a factures)
o57;i2;s4;w2;Implantar el módulo de Órganos Colegiados;Activo;2026;IE_095;Kide anitzeko organoen modulua ezartzea;Implantar o módulo de Órganos Colexiados;Implantar el mòdul d'Òrgans Col·legiats;Implantar el mòdul d'Òrgans Col·legiats
o58;i2;s4;w3;Reforzar y optimizar la gestión de los órganos colegiados;Activo;2026;IE_096;Kide anitzeko organoen kudeaketa indartzea eta optimizatzea;Reforzar e optimizar a xestión dos órganos colexiados;Reforçar i optimitzar la gestió dels òrgans col·legiats;Reforçar i optimitzar la gestió dels òrgans col·legiats
o59;i4;s6;w2;Activación del módulo de archivo;Activo;2026;IE_098;Artxibo-modulua aktibatzea;Activación do módulo de arquivo;Activació del mòdul d'arxiu;Activació del mòdul d'arxiu
o60;i5;s25;w2;Implantar del módulo de registro de facturas en Gestiona;Activo;2026;IE_101;Kudeatzailean fakturak erregistratzeko modulua ezartzea;Implantar do módulo de rexistro de facturas en Xestiona;Implantar del mòdul de registre de factures en Gestiona;Implantar del mòdul de registre de factures en Gestiona
o61;i2;s21;w7;Implantar el módulo de tareas;Activo;2026;IE_102;Zereginen modulua ezartzea;Implantar o módulo de tarefas;Implantar el mòdul de tasques;Implantar el mòdul de tasques
o62;i5;s25;w2;Implantar la conformidad de la factura en Gestiona;Activo;2026;IE_103;Fakturaren adostasuna ezartzea Kudeatzailean;Implantar a conformidade da factura en Xestiona;Implantar la conformitat de la factura en Gestiona;Implantar la conformitat de la factura en Gestiona
o63;i6;s26;w7;Implantar el procedimiento de gestión de contratos menores sin licitación ;Activo;2026;IE_105;Lizitaziorik gabeko kontratu txikiak kudeatzeko prozedura ezartzea;Implantar o procedemento de xestión de contratos menores sen licitación;Implantar el procediment de gestió de contractes menors sense licitació;Implantar el procediment de gestió de contractes menors sense licitació
o64;i3;s5;w5;Implantar módulo de videoconferencias;Activo;2026;IE_110;Bideokonferentzien modulua ezartzea;Implantar módulo de videoconferencias;Implantar mòdul de videoconferències;Implantar mòdul de videoconferències
o65;i2;s27;w1;Implantar una filosofía de trabajo colaborativo en la entidad;Activo;2026;IE_112;Erakundean elkarlanerako filosofia ezartzea;Implantar unha filosofía de traballo colaborativo na entidade;Implantar una filosofia de treball col·laboratiu en l'entitat;Implantar una filosofia de treball col·laboratiu en l'entitat
o66;i3;s5;w2;Implantar módulo de cita previa;Activo;2026;IE_113;Aurretiko hitzorduaren modulua ezartzea;Implantar módulo de cita previa;Implantar mòdul de cita prèvia;Implantar mòdul de cita prèvia
o67;i2;s20;w2;Implantar el módulo de firma Electrónica;Activo;2026;IE_114;Sinadura elektronikoaren modulua ezartzea;Implantar o módulo de firma Electrónica;Implantar el mòdul de signatura Electrònica;Implantar el mòdul de firma Electrònica
o68;i6;s26;w7;Implantar la licitación electrónica;Activo;2026;IE_115;Lizitazio elektronikoa ezartzea;Implantar a licitación electrónica;Implantar la licitació electrònica;Implantar la licitació electrònica
o69;i3;s28;w3;Envío de comunicaciones interadministrativas desde los expedientes;Activo;2026;IE_117;Espedienteetatik administrazioen arteko komunikazioak bidaltzea;Envío de comunicacións interadministrativas desde os expedientes;Enviament de comunicacions interadministratives des dels expedients;Enviament de comunicacions interadministratives des dels expedients
o70;i1;s2;w1;Definir una política de administración de usuarios y grupos (delegaciones, permisos, plantillas de roles, etc. );Activo;2026;IE_121;Erabiltzaileak eta taldeak administratzeko politika definitzea (ordezkaritzak, baimenak, rol-plantillak, etab.);Definir unha política de administración de usuarios e grupos (delegacións, permisos, persoais de roles etc. )/ etc.;Definir una política d'administració d'usuaris i grups (delegacions, permisos, plantilles de rols, etc. );Definir una política d'administració d'usuaris i grups (delegacions, permisos, plantilles de rols, etc. )
o71;i1;s2;w6;Implantar la funcionalidad de plantillas de usuarios ;Activo;2026;IE_124;Erabiltzaileen plantillen funtzionaltasuna ezartzea;) Implantar a funcionalidade de persoais de usuarios;Implantar la funcionalitat de plantilles d'usuaris ;Implantar la funcionalitat de plantilles d'usuaris
o72;i5;s29;w5;Uso de textos predefinidos Control Interno;Activo;2026;IE_125;Aurrez definitutako testuen erabilera Barne Kontrola;Uso de textos predefinidos Control Interno;Ús de textos predefinits Control Intern;Ús de textos predefinits Control Intern
o73;i6;s30;w5;Uso de textos predefinidos contratación;Activo;2026;IE_126;Aurrez definitutako testuen erabilera kontratazioa;Uso de textos predefinidos contratación;Ús de textos predefinits contractació;Ús de textos predefinits contractació
o74;i4;s31;w2;Vinculación de series documentales a APP facturas / Certificados;Activo;2026;IE_127;Dokumentu-serieak APPrekin lotzea fakturak/ziurtagiriak;Vinculación de series documentais a APP facturas / Certificados;Vinculació de sèries documentals a APP factures / Certificats;Vinculació de sèries documentals a APP factures / Certificats
o75;i4;s15;w5;Implantación de procedimientos personalizados;Activo;2026;IE_128;Prozedura pertsonalizatuak ezartzea;Implantación de procedementos personalizados;Implantació de procediments personalitzats;Implantació de procediments personalitzats
o76;i3;s32;w6;Definir automatismos en la asignación de registros;Activo;2026;IE_130;Automatismoak definitzea erregistroak esleitzean;Definir automatismos na asignación de rexistros;Definir automatismes en l'assignació de registres;Definir automatismes en l'assignació de registres
o77;i2;s33;w1;Implantar cultura de única vía de resolución mediante circuito de resolución;Activo;2026;IE_133;Suntsiarazpen-bide bakarraren kultura ezartzea, suntsiarazpen-zirkuituaren bidez;Implantar cultura de única vía de resolución mediante circuíto de resolución;Implantar cultura d'única via de resolució mitjançant circuit de resolució;Implantar cultura d'única via de resolució mitjançant circuit de resolució
o78;i2;s33;w4;Configuración avanzada de CR (plantillas, tesauros, automatismos, etc.);Activo;2026;IE_134;CRen konfigurazio aurreratua (txantiloiak, tesauroak, automatismoak, etab.);Configuración avanzada de CR (persoais, tesauros, automatismos etc.)/ etc.);Configuració avançada de CR (plantilles, tesaurus, automatismes, etc.);Configuració avançada de CR (plantilles, tesaurus, automatismes, etc.)
o79;i2;s33;w6;Configuración básica de CR sin gasto: asociación de CR en blanco al inventario de procedimientos;Activo;2026;IE_135;Gasturik gabeko CRen oinarrizko konfigurazioa: CR zuriak prozeduren inbentarioarekin lotzea;Configuración básica de CR sen gasto: asociación de CR en branco ao inventario de procedementos;Configuració bàsica de CR sense despesa: associació de CR en blanc a l'inventari de procediments;Configuració bàsica de CR sense gasto: associació de CR en blanc a l'inventari de procediments
o80;i2;s33;w5;Implantar CR sin gasto avanzados (plantillas, tesauros, automatismos, etc.);Activo;2026;IE_136;CR gastu aurreraturik gabe ezartzea (txantiloiak, tesauroak, automatismoak, etab.);Implantar CR sen gasto avanzados (persoais, tesauros, automatismos etc.)/ etc.);Implantar CR sense despesa avançats (plantilles, tesaurus, automatismes, etc.);Implantar CR sense gasto avançats (plantilles, tesaurus, automatismes, etc.)
o81;i2;s33;w2;Implantación CR genérico sin gasto;Activo;2026;IE_137;CR generikoa ezartzea, gasturik gabe;Implantación CR xenérico sen gasto;Implantació CR genèric sense despesa;Implantació CR genèric sense gasto
o82;i6;s26;w3;Reforzar la gestión íntegra de los expedientes de contratación integrados con plataformas de contratación externas;Activo;2026;IE_143;Kanpoko kontratazio-plataformekin integratutako kontratazio-espedienteen kudeaketa osoa indartzea;Reforzar a xestión íntegra dos expedientes de contratación integrados con plataformas de contratación externas;Reforçar la gestió íntegra dels expedients de contractació integrats amb plataformes de contractació externes;Reforçar la gestió íntegra dels expedients de contractació integrats amb plataformes de contractació externes
o83;i5;s34;w6;Asociar las actuaciones de control sincronizadas desde el módulo de diseño a activades y procedimientos del catálogo;Activo;2026;IE_144;Diseinu-modulutik katalogoko aktibitate eta prozeduretara sinkronizatutako kontrol-jardunak lotu;Asociar as actuacións de control sincronizadas desde o módulo de deseño a activades e procedementos do catálogo;Associar les actuacions de control sincronitzades des del mòdul de disseny a activades i procediments del catàleg;Associar les actuacions de control sincronitzades des del mòdul de disseny a activades i procediments del catàleg
o84;i5;s34;w7;Implantar los circuitos de resolución con gasto específicos asociados a actividad y a procedimiento (sin contenido en las plantillas de propuesta);Activo;2026;IE_145;Jarduerari eta prozedurari lotutako gastu espezifikoak dituzten ebazpen-zirkuituak ezartzea (proposamen-txantiloietan edukirik ez dutenak);Implantar os circuítos de resolución con gasto específicos asociados a actividade e a procedemento (sen contido nos persoais de proposta);Implantar els circuits de resolució amb despesa específics associats a activitat i a procediment (sense contingut en les plantilles de proposta);Implantar els circuits de resolució amb gasto específics associats a activitat i a procediment (sense contingut en les plantilles de proposta)
o85;i5;s34;w4;Configurar el circuito de resolución con gasto específico (con contenido y tesauros en las plantillas de propuesta);Activo;2026;IE_147;Ebazpen-zirkuitua gastu espezifikoarekin konfiguratzea (edukiarekin eta thesaurusekin proposamen-txantiloietan);Configurar o circuíto de resolución con gasto específico (con contido e tesauros nos persoais de proposta);Configurar el circuit de resolució amb despesa específica (amb contingut i tesaurus en les plantilles de proposta);Configurar el circuit de resolució amb gasto específic (amb contingut i tesaurus en les plantilles de proposta)
o86;i5;s34;w5;Implantación del flujo del circuito de resolución con gasto específico (con contenido y tesauros en las plantillas de propuesta);Activo;2026;IE_149;Ebazpen-zirkuituaren fluxua gastu espezifikoarekin ezartzea (edukia eta thesaurusak proposamen-txantiloietan);Implantación do fluxo do circuíto de resolución con gasto específico (con contido e tesauros nos persoais de proposta);Implantació del flux del circuit de resolució amb despesa específica (amb contingut i tesaurus en les plantilles de proposta);Implantació del flux del circuit de resolució amb gasto específic (amb contingut i tesaurus en les plantilles de proposta)
o87;i3;s13;w2;Implantación de trámites externos en sede;Activo;2026;IE_151;Egoitzan kanpoko izapideak ezartzea;Implantación de trámites externos en sede;Implantació de tràmits externs en seu;Implantació de tràmits externs en seu
o88;i5;s34;w2;Implantar el circuito de resolución con gasto genérico;Activo;2026;IE_152;Gastu generikoa duen ebazpen-zirkuitua ezartzea;Implantar o circuíto de resolución con gasto xenérico;Implantar el circuit de resolució amb despesa genèrica;Implantar el circuit de resolució amb gasto genèric
o89;i3;s7;w6;Configuración básica de trámites externos (predeterminada con asignaciones de registro);Activo;2026;IE_153;Kanpoko izapideen oinarrizko konfigurazioa (erregistro-esleipenekin aurrez zehaztua);Configuración básica de trámites externos (predeterminada con asignacións de rexistro);Configuració bàsica de tràmits externs (predeterminada amb assignacions de registre);Configuració bàsica de tràmits externs (predeterminada amb assignacions de registre)
o90;i7;s35;w1;Instaurar una cultura de la gestión datificada;Activo;2026;IE_155;Kudeaketaren kultura datifikatua ezartzea;Instaurar unha cultura da xestión datificada;Instaurar una cultura de la gestió datificada;Instaurar una cultura de la gestió datificada
o91;i4;s16;w1;Definición de modelos de datos / tesauros;Activo;2026;IE_156;Datu-ereduak/tesauroak definitzea;Definición de modelos de datos / tesauros;Definició de models de dades / tesaurus;Definició de models de dades / tesaurus
o92;i3;s7;w4;Configuración y personalización avanzada de trámites externos (condicionales, tesauros inteligentes, etc.);Activo;2026;IE_157;Kanpoko izapideen konfigurazio eta pertsonalizazio aurreratua (baldintzazkoak, tesauro adimendunak, etab.);Configuración e personalización avanzada de trámites externos (condicionais, tesauros intelixentes etc.)/ etc.);Configuració i personalització avançada de tràmits externs (condicionals, tesaurus intel·ligents, etc.);Configuració i personalització avançada de tràmits externs (condicionals, tesaurus intel·ligents, etc.)
o93;i2;s33;w7;Implantar CR sin gasto básicos (asociados a procedimientos, sin contenido);Activo;2026;IE_159;AK ezartzea oinarrizko gasturik gabe (prozedurei lotuta, edukirik gabe);Implantar CR sen gasto básicos (asociados a procedementos, sen contido);Implantar CR sense despesa bàsics (associats a procediments, sense contingut);Implantar CR sense gasto bàsics (associats a procediments, sense contingut)
o94;i3;s5;w1;Impulsar el uso del sistema de cita previa;Activo;2026;IE_160;Aurretiko hitzorduaren sistemaren erabilera bultzatzea;Impulsar o uso do sistema de cita previa;Impulsar l'ús del sistema de cita prèvia;Impulsar l'ús del sistema de cita prèvia
o95;i2;s20;w1;Definir política de creación de circuitos de tramitación (flujos de firma, validación, etc.);Activo;2026;IE_161;Izapidetze-zirkuituak sortzeko politika definitzea (sinadura-fluxuak, baliozkotzea, etab.);Definir política de creación de circuítos de tramitación (fluxos de firma, validación etc.)/ etc.);Definir política de creació de circuits de tramitació (fluxos de signatura, validació, etc.);Definir política de creació de circuits de tramitació (fluxos de firma, validació, etc.)
o96;i4;s15;w2;Configurar responsables y grupos responsables del catálogo de actividades y procedimientos;Activo;2026;IE_163;Jardueren eta prozeduren katalogoaren arduradun eta talde arduradunak eratzea;Configurar responsables e grupos responsables do catálogo de actividades e procedementos;Configurar responsables i grups responsables del catàleg d'activitats i procediments;Configurar responsables i grups responsables del catàleg d'activitats i procediments
o97;i3;s5;w2;Configuración del módulo de cita previa;Activo;2026;IE_165;Aurretiko hitzorduaren modulua konfiguratzea;Configuración do módulo de cita previa;Configuració del mòdul de cita prèvia;Configuració del mòdul de cita prèvia
o98;i3;s9;w4;Activación y configuración de la firma biométrica;Activo;2026;IE_166;Sinadura biometrikoa aktibatzea eta konfiguratzea;Activación e configuración da firma biométrica;Activació i configuració de la signatura biomètrica;Activació i configuració de la firma biomètrica
o99;i3;s5;w3;Reforzar el mantenimiento y actualización de las agendas de cita previa;Activo;2026;IE_167;Aurretiko hitzorduen agendak mantentzea eta eguneratzea indartzea;Reforzar o mantemento e actualización das axendas de cita previa;Reforçar el manteniment i actualització de les agendes de cita prèvia;Reforçar el manteniment i actualització de les agendes de cita prèvia
o100;i2;s33;w3;Depurar el inventario y configuración de los circuitos de resolución;Activo;2026;IE_168;Bereizmen-zirkuituen inbentarioa eta konfigurazioa araztea;Depurar o inventario e configuración dos circuítos de resolución;Depurar l'inventari i configuració dels circuits de resolució;Depurar l'inventari i configuració dels circuits de resolució
o101;i5;s34;w4;Configuración avanzada del flujo de resolución integrado con la contabilidad;Activo;2026;IE_169;Kontabilitatearekin integratutako ebazpen-fluxuaren konfigurazio aurreratua;Configuración avanzada do fluxo de resolución integrado coa contabilidade;Configuració avançada del flux de resolució integrat amb la comptabilitat;Configuració avançada del flux de resolució integrat amb la comptabilitat
o102;i1;s2;w2;Imagen y formato de documentos;Activo;2026;IE_170;Dokumentuen irudia eta formatua;Imaxe e formato de documentos;Imatge i format de documents;Imatge i format de documents
o103;i1;s36;w2;Carga de terceros;Activo;2026;IE_171;Hirugarrenak kargatzea;Carga de terceiros;Càrrega de tercers;Càrrega de tercers
o104;i2;s4;w3;Implantar la celebración de sesiones por videoconferencia;Activo;2026;IE_172;Bideokonferentzia bidezko saioak ezartzea;Implantar a celebración de sesións por videoconferencia;Implantar la celebració de sessions per videoconferència;Implantar la celebració de sessions per videoconferència
o105;i3;s9;w2;Cofigurar copia auténtica (permisos y carpetas de digitalización);Activo;2026;IE_173;Kopia autentikoa (baimenak eta digitalizazio-karpetak) kofiguratzea;Cofigurar copia auténtica (permisos e cartafoles de dixitalización);Cofigurar còpia autèntica (permisos i carpetes de digitalització);Cofigurar còpia autèntica (permisos i carpetes de digitalització)
o106;i5;s34;w2;Configuración de usuarios (gestor de órgano unipersonal, perfiles de usuarios con permiso para el módulo de control interno…);Activo;2026;IE_174;Erabiltzaileak konfiguratzea (kide bakarreko organoaren kudeatzailea, barne-kontroleko modulurako baimena duten erabiltzaileen profilak...);Configuración de usuarios (xestor de órgano unipersoal, perfís de usuarios con permiso para o módulo de control interno…);Configuració d'usuaris (gestor d'òrgan unipersonal, perfils d'usuaris amb permís per al mòdul de control intern…);Configuració d'usuaris (gestor d'òrgan unipersonal, perfils d'usuaris amb permís per al mòdul de control intern…)
o107;i5;s34;w4;Configuración de asignación de actuación de control a persona concreta;Activo;2026;IE_175;Pertsona jakin bati kontrol-jarduketa esleitzeko konfigurazioa;Configuración de asignación de actuación de control a persoa concreta;Configuració d'assignació d'actuació de control a persona concreta;Configuració d'assignació d'actuació de control a persona concreta
o108;i5;s34;w4;Configuración circuito de resolución plural con gasto;Activo;2026;IE_176;Bereizmen pluraleko zirkuituaren konfigurazioa gastuarekin;Configuración circuíto de resolución plural con gasto;Configuració circuit de resolució plural amb despesa;Configuració circuit de resolució plural amb gasto
o109;i5;s34;w5;Uso del circuito de resolución con gasto plural;Activo;2026;IE_177;Askotariko gastua duen bereizmen-zirkuituaren erabilera;Uso do circuíto de resolución con gasto plural;Ús del circuit de resolució amb despesa plural;Ús del circuit de resolució amb gasto plural
o110;i5;s34;w3;Mantenimiento de las actuaciones de control configuradas en Hacienda Local;Activo;2026;IE_179;Toki Ogasunean konfiguratutako kontrol-jarduketak mantentzea;Mantemento das actuacións de control configuradas en Facenda Local;Manteniment de les actuacions de control configurades en Hisenda Local;Manteniment de les actuacions de control configurades en Hisenda Local
o111;i5;s34;w3;Depuración del catálogo vinculación de nuevos circuitos de resolución con gasto a actividad y procedimiento;Activo;2026;IE_180;Ebazpen-zirkuitu berriak jarduerarako eta prozedurarako gastuarekin lotzeko katalogoa araztea;Depuración do catálogo vinculación de novos circuítos de resolución con gasto a actividade e procedemento;Depuració del catàleg vinculació de nous circuits de resolució amb despesa a activitat i procediment;Depuració del catàleg vinculació de nous circuits de resolució amb gasto a activitat i procediment
o112;i5;s34;w1;Definir las actuaciones de control en el módulo de Hacienda Local;Activo;2026;IE_182;Tokiko Ogasunaren moduluan kontrol-jarduketak definitzea;Definir as actuacións de control no módulo de Facenda Local;Definir les actuacions de control en el mòdul d'Hisenda Local;Definir les actuacions de control en el mòdul d'Hisenda Local
o113;i6;s26;w6;Configuración de Órganos de contratación y Órganos de asistencia;Activo;2026;IE_183;Kontratazio-organoak eta laguntza-organoak eratzea;Configuración de Órganos de contratación e Órganos de asistencia;Configuració d'Òrgans de contractació i Òrgans d'assistència;Configuració d'Òrgans de contractació i Òrgans d'assistència
o114;i6;s26;w7;Uso de la app contratación;Activo;2026;IE_184;Kontratazio-app-aren erabilera;Uso da app contratación;Ús de l'app contractació;Ús de l'app contractació
o115;i6;s30;w4;Configurar plantillas personalizadas;Activo;2026;IE_185;Txantiloi pertsonalizatuak konfiguratu;Configurar persoais personalizados;Configurar plantilles personalitzades;Configurar plantilles personalitzades
o116;i6;s30;w5;Uso de plantillas personalizadas;Activo;2026;IE_186;Txantiloi pertsonalizatuen erabilera;Uso de persoais personalizados;Ús de plantilles personalitzades;Ús de plantilles personalitzades
o117;i6;s26;w3;Mantenimiento configuración (OC y OA, permisos y sello);Activo;2026;IE_187;Konfigurazioa mantentzea (OC eta OA, baimenak eta zigilua);Mantemento configuración (OC e OA, permisos e selo);Manteniment configuració (OC i OA, permisos i segell);Manteniment configuració (OC i OA, permisos i segell)
o118;i3;s8;w2;Implantar el registro de salida ;Activo;2026;IE_188;Irteera-erregistroa ezartzea;Implantar o rexistro de saída;Implantar el registre de sortida;Implantar el registre d'eixida
o119;i6;s26;w1;Decisión de activar la integración Gestiona - PCSP;Activo;2026;IE_195;Integrazioa aktibatzeko erabakia Gestionatu - SPKP;Decisión de activar a integración Xestiona - PCSP;Decisió d'activar la integració Gestiona - PCSP;Decisió d'activar la integració Gestiona - PCSP
o120;i3;s9;w3;Reforzar una gestión correcta de la OAMR;Activo;2026;IE_199;OAMRren kudeaketa egokia indartzea;Reforzar unha xestión correcta da OAMR;Reforçar una gestió correcta de la OAMR;Reforçar una gestió correcta de la OAMR
o121;i3;s9;w1;Revisión RPT;Activo;2026;IE_200;LPZ berrikustea;Revisión RPT;Revisió RPT;Revisió RPT
o122;i3;s9;w1;Adaptación espacio fisico y tecnológico;Activo;2026;IE_201;Espazio fisikoaren eta teknologikoaren egokitzapena;Adaptación espazo fisico e tecnolóxico;Adaptació espai fisico i tecnològic;Adaptació espai fisico i tecnològic
o123;i4;s6;w2;Vincular series documentales a Órganos Colegiados;Activo;2026;IE_204;Dokumentu-serieak kide anitzeko organoekin lotzea;Vincular series documentais a Órganos Colexiados;Vincular sèries documentals a Òrgans Col·legiats;Vincular sèries documentals a Òrgans Col·legiats
o124;i2;s21;w2;Configurar como obligatoria la Unidad Gestora del expediente;Activo;2026;IE_205;Espedientearen Kudeaketa Unitatea nahitaezko gisa konfiguratzea;Configurar como obrigatoria a Unidade Xestora do expediente;Configurar com a obligatòria la Unitat Gestora de l'expedient;Configurar com a obligatòria la Unitat Gestora de l'expedient
o125;i4;s15;w3;Mantenimiento del catálogo de procedimientos;Activo;2026;IE_207;Prozeduren katalogoa mantentzea;Mantemento do catálogo de procedementos;Manteniment del catàleg de procediments;Manteniment del catàleg de procediments
o126;i4;s15;w6;Configuración básica de tesauros;Activo;2026;IE_208;Tesauroen oinarrizko konfigurazioa;Configuración básica de tesauros;Configuració bàsica de tesaurus;Configuració bàsica de tesaurus
o127;i4;s16;w1;Reforzar una gestión correcta de la normalización de codificación y denominación de grupos de usuarios;Activo;2026;IE_211;Erabiltzaile-taldeen kodifikazioaren eta izendapenaren normalizazioaren kudeaketa egokia indartzea;Reforzar unha xestión correcta da normalización de codificación e denominación de grupos de usuarios;Reforçar una gestió correcta de la normalització de codificació i denominació de grups d'usuaris;Reforçar una gestió correcta de la normalització de codificació i denominació de grups d'usuaris
o128;i4;s6;w4;Asignación de metadatos complementarios a series documentales;Activo;2026;IE_212;Dokumentu-segidei metadatu osagarriak esleitzea;Asignación de metadatos complementarios a series documentais;Assignació de metadades complementàries a sèries documentals;Assignació de metadades complementàries a sèries documentals
o129;i4;s15;w4;Automatización apertura de expedientes;Activo;2026;IE_214;Espedienteak irekitzeko automatizazioa;Automatización apertura de expedientes;Automatització obertura d'expedients;Automatització obertura d'expedients
o130;i4;s16;w1;Definición de PGDE y Roles de actuación por el Pleno de la Entidad;Activo;2026;IE_215;DEKPren definizioa eta erakundearen osoko bilkurak jarduteko dituen rolak;Definición de PGDE e Roles de actuación polo Pleno da Entidade;Definició de PGDE i Rols d'actuació pel Ple de l'Entitat;Definició de PGDE i Rols d'actuació pel Ple de l'Entitat
o131;i5;s37;w4;Activación integración backoffice registro de facturas;Activo;2026;IE_216;Backoffice fakturen erregistroaren integrazioa aktibatzea;Activación integración backoffice rexistro de facturas;Activació integració backoffice registre de factures;Activació integració backoffice registre de factures
o132;i1;s11;w2;Activar la integración con SIA;Activo;2026;IE_217;AISekiko integrazioa aktibatzea;Activar a integración con SIA;Activar la integració amb SIA;Activar la integració amb SIA
o133;i7;s35;w7;"	Implantar el uso de las búsquedas avanzadas de manera transversal en la entidad, atendiendo a las necesidades particulares de cada area/usuario,";Activo;2026;IE_220;Bilaketa aurreratuen erabilera zeharka ezartzea erakundean, arlo/erabiltzaile bakoitzaren premia bereziei erantzunez;""" Implantar o uso das procuras avanzadas de maneira transversal na entidade, atendendo ás necesidades particulares de cada area/usuario,""";""" Implantar l'ús de les cerques avançades de manera transversal en l'entitat, ateses les necessitats particulars de cada area/usuari,""";""" Implantar l'ús de les busques avançades de manera transversal en l'entitat, ateses les necessitats particulars de cada area/usuari,"""
o134;i2;s20;w5;Implantar plantillas personalizadas (html);Activo;2026;IE_222;Txantiloi pertsonalizatuak ezartzea (html);Implantar persoais personalizados (html);Implantar plantilles personalitzades (HTML);Implantar plantilles personalitzades (HTML)
o135;i2;s21;w3;Mantenimiento de plantillas personalizadas (html y markdown);Activo;2026;IE_223;Txantiloi pertsonalizatuak mantentzea (html eta markdown);Mantemento de persoais personalizados (html e markdown);Manteniment de plantilles personalitzades (HTML i markdown);Manteniment de plantilles personalitzades (HTML i markdown)
o136;i2;s21;w4;Configuración de plantillas personalizadas (html);Activo;2026;IE_224;Txantiloi pertsonalizatuak konfiguratzea (html);Configuración de persoais personalizados (html);Configuració de plantilles personalitzades (HTML);Configuració de plantilles personalitzades (HTML)
o137;i2;s21;w4;Reconvertir plantillas personalizadas viejas (html) en tareas regladas de tipo documento (markdown);Activo;2026;IE_225;Txantiloi pertsonalizatu zaharrak (html) dokumentu motako ataza arautu bihurtzea (markdown);Reconverter persoais personalizados vellas (html) en tarefas regradas de tipo documento (markdown);Reconvertir plantilles personalitzades velles (HTML) en tasques reglades de tipus documento (markdown);Reconvertir plantilles personalitzades velles (HTML) en tasques reglades de tipus documente (markdown)
o138;i2;s21;w7;Cumplimiento de datos básicos;Activo;2026;IE_226;Oinarrizko datuak betetzea;Cumprimento de datos básicos;Compliment de dades bàsiques;Compliment de dades bàsiques
o139;i2;s21;w4;Configurar tareas regladas;Activo;2026;IE_227;Ataza arautuak konfiguratzea;Configurar tarefas regradas;Configurar tasques reglades;Configurar tasques reglades
o140;i2;s21;w5;Tramitar desde pestaña tramitación del expediente;Activo;2026;IE_228;Izapidetu espedientearen izapidetzearen erlaitzetik;Tramitar desde pestana tramitación do expediente;Tramitar des de pestanya tramitació de l'expedient;Tramitar des de pestanya tramitació de l'expedient
o141;i2;s21;w7;Uso plantillas de espúblico;Activo;2026;IE_229;Populazio-txantiloiak erabiltzea;Uso persoais de espúblico;Ús plantilles de espúblico;Ús plantilles de espúblico
o142;i2;s21;w1;Cumplimentar metadatos de documentos;Activo;2026;IE_230;Dokumentuen metadatuak betetzea;Cumprimentar metadatos de documentos;Emplenar metadades de documents;Emplenar metadades de documents
o143;i2;s33;w4;Configuración de tareas de Circuito de Resolución;Activo;2026;IE_231;Bereizmen-zirkuituko atazak konfiguratzea;Configuración de tarefas de Circuito de Resolución;Configuració de tasques de Circuit de Resolució;Configuració de tasques de Circuit de Resolució
o144;i2;s33;w5;Implantación de tareas de Circuito de Resolución;Activo;2026;IE_232;Bereizmen-zirkuituko atazak ezartzea;Implantación de tarefas de Circuito de Resolución;Implantació de tasques de Circuit de Resolució;Implantació de tasques de Circuit de Resolució
o145;i2;s33;w4;Configuración de Circuitos de Resolución plurales;Activo;2026;IE_233;Bereizmen pluraleko zirkuituen konfigurazioa;Configuración de Circuítos de Resolución plurais;Configuració de Circuits de Resolució plurals;Configuració de Circuits de Resolució plurals
o146;i2;s33;w5;Implantación de Circuitos de Resolución plurales;Activo;2026;IE_234;Bereizmen anitzeko zirkuituak ezartzea;Implantación de Circuítos de Resolución plurais;Implantació de Circuits de Resolució plurals;Implantació de Circuits de Resolució plurals
o147;i2;s33;w3;Política gestión correcta de envío de notificaciones y comunicaciones ;Activo;2026;IE_235;Jakinarazpenak eta komunikazioak behar bezala bidaltzeko kudeaketa-politika;Política xestión correcta de envío de notificacións e comunicacións;Política gestió correcta d'enviament de notificacions i comunicacions;Política gestió correcta d'enviament de notificacions i comunicacions
o148;i2;s38;w2;Configuración de Órganos Colegiados (comisiones);Activo;2026;IE_236;Configuración de Órganos Colegiados (comisiones);Configuración de Órganos Colexiados (comisións);Configuració d'Òrgans Col·legiats (comissions);Configuració d'Òrgans Col·legiats (comissions)
o149;i2;s33;w4;Configuración de cambios de estado dentro de los Circuitos de Resolución;Activo;2026;IE_237;Configuración de cambios de estado dentro de los Circuitos de Resolución;Configuración de cambios de estado dentro dos Circuítos de Resolución;Configuració de canvis d'estat dins dels Circuits de Resolució;Configuració de canvis d'estat dins dels Circuits de Resolució
o150;i4;s16;w3;Reforzar una gestión correcta de la normalización de expedientes y documentos;Activo;2026;IE_238;Espedienteen eta dokumentuen normalizazioaren kudeaketa egokia indartzea;Reforzar unha xestión correcta da normalización de expedientes e documentos;Reforçar una gestió correcta de la normalització d'expedients i documents;Reforçar una gestió correcta de la normalització d'expedients i documents
o151;i2;s33;w2;Configuración de piés de recurso;Activo;2026;IE_241;Baliabide-oinen konfigurazioa;Configuración de piés de recurso;Configuració de piés de recurs;Configuració de piés de recurs
o152;i2;s39;w2;Configuración órganos unipersonales;Activo;2026;IE_242;Kide bakarreko organoak eratzea;Configuración órganos unipersoais;Configuració òrgans unipersonals;Configuració òrgans unipersonals
o153;i2;s21;w4;Crear nuevos procedimientos ;Activo;2026;IE_243;Prozedura berriak sortzea;Crear novos procedementos;Crear nous procediments;Crear nous procediments
o154;i2;s20;w2;Implantar la firma en sede de terceros;Activo;2026;IE_245;Hirugarrenen egoitzan sinadura ezartzea;Implantar a firma en sede de terceiros;Implantar la signatura en seu de tercers;Implantar la firma en seu de tercers
o155;i2;s33;w1;Notificaciones con sello de órgano;Activo;2026;IE_247;Organoaren zigilua duten jakinarazpenak;Notificacións con selo de órgano;Notificacions amb segell d'òrgan;Notificacions amb segell d'òrgan
o156;i2;s40;w7;Publicar en en tablón;Activo;2026;IE_249;Oholean argitaratzea;Publicar en en taboleiro;Publicar en en tauló;Publicar en en tauló
o157;i1;s11;w5;Remisión por INSIDE;Activo;2026;IE_250;INSIDE bidez bidaltzea;Remisión por INSIDE;Remissió per INSIDE;Remissió per INSIDE
o158;i5;s34;w5;Uso de la solicitud de RC desde Gestiona;Activo;2026;IE_254;Kudeatzailetik RC eskaera erabiltzea;Uso da solicitude de RC desde Xestiona;Ús de la sol·licitud de RC des de Gestiona;Ús de la sol·licitud de RC des de Gestiona
o159;i4;s15;w3;Revisión y control del procedimiento genérico;Activo;2026;IE_255;Prozedura orokorra berrikustea eta kontrolatzea;Revisión e control do procedemento xenérico;Revisió i control del procediment genèric;Revisió i control del procediment genèric
o160;i1;s41;w3;Solicitar el alta de la integración con el Tablón Edictal ünico del BOE (todas las entidades);Activo;2026;IE_256;Integrazioaren alta eskatzea BOEko ediktu-oholean (erakunde guztiak);Solicitar o alta da integración co Taboleiro Edictal ünico do BOE (todas as entidades);Sol·licitar l'alta de la integració amb el Tauló Edictal ünico del BOE (totes les entitats);Sol·licitar l'alta de la integració amb el Tauló Edictal ünico del BOE (totes les entitats)
o161;i1;s2;w3;Se realizan actualizaciones periódicas de actualización de la configuración de usuarios, a nivel de grupos y permisos;Activo;2026;IE_257;Erabiltzaileen konfigurazioa eguneratzeko aldizkako eguneratzeak egiten dira, taldeen eta baimenen mailan;Realízanse actualizacións periódicas de actualización da configuración de usuarios, a nivel de grupos e permisos;Es realitzen actualitzacions periòdiques d'actualització de la configuració d'usuaris, a nivell de grups i permisos;Es realitzen actualitzacions periòdiques d'actualització de la configuració d'usuaris, a nivell de grups i permisos
o162;i1;s2;w3;Los usuarios apoderados van revisando periódicamente que usuarios deben activarse/desdactivarse y la composición y flujos de trabajo de los grupos de la entidad;Activo;2026;IE_258;Erabiltzaile ahaldunek aldian-aldian berrikusten dute zein erabiltzaile aktibatu/desaktibatu behar diren eta erakundeko taldeen osaera eta lan-fluxuak;Os usuarios apoderados van revisando periodicamente que usuarios deben activarse/desdactivarse e a composición e fluxos de traballo dos grupos da entidade;Els usuaris apoderats van revisant periòdicament que usuaris han d'activar-se/desdactivarse i la composició i fluxos de treball dels grups de l'entitat;Els usuaris apoderats van revisant periòdicament que usuaris han d'activar-se/desdactivarse i la composició i fluxos de treball dels grups de l'entitat
o163;i6;s26;w3;Se ha reforzado la gestión íntegra de los expedientes de contratación integrados con plataformas de contratación externas;Activo;2026;IE_259;Kanpoko kontratazio-plataformekin integratutako kontratazio-espedienteen kudeaketa osoa indartu da;Reforzouse a xestión íntegra dos expedientes de contratación integrados con plataformas de contratación externas;S'ha reforçat la gestió íntegra dels expedients de contractació integrats amb plataformes de contractació externes;S'ha reforçat la gestió íntegra dels expedients de contractació integrats amb plataformes de contractació externes
o164;i6;s26;w5;Publicar anuncio de adjudicación/resolución en portal de transparencia;Activo;2026;IE_248;Esleipen-iragarkia/ebazpena gardentasun-atarian argitaratzea;Publicar anuncio de adxudicación/resolución en portal de transparencia;Publicar anunci d'adjudicació/resolució en portal de transparència;Publicar anunci d'adjudicació/resolució en portal de transparència
o165;i2;s42;w2;Implantar la tramitación de expedientes de la app de padrón;Activo;2026;IE_260;Erroldako app-aren espedienteen izapidetzea ezartzea;Implantar a tramitación de expedientes da app de padrón;Implantar la tramitació d'expedients de l'app de padró;Implantar la tramitació d'expedients de l'app de padró
o166;i3;s13;w6;Pesonalización de categorías tablón de anuncios;Activo;2026;IE_261;Iragarki-taulen kategorien pesonalizazioa;Pesonalización de categorías taboleiro de anuncios;Pesonalización de categories tauler d'anuncis;Pesonalización de categories tauler d'anuncis
o167;i3;s13;w6;Configurar nueva imagen sede electrónica ( colores personalizados, banner  y banner avisos);Activo;2026;IE_262;Konfiguratu egoitza elektronikoaren irudi berria (kolore pertsonalizatuak, bannerra eta bannerra);Configurar nova imaxe sede electrónica ( cores personalizadas, banner e banner avisos);Configurar nova imatge sedi electrònica ( colors personalitzats, bàner i bàner avisos);Configurar nova imatge sede electrònica ( colors personalitzats, bàner i bàner avisos)
o168;i3;s13;w6;Desactivación mail aviso entidades con enotum;Activo;2026;IE_263;Enotuma duten erakundeen abisu-mezu elektronikoa desaktibatzea;Desactivación mail aviso entidades con enotum;Desactivació mail aviso entitats amb enotum;Desactivació mail avise entitats amb enotum
o169;i3;s13;w4;Configuración Páginas informativas;Activo;2026;IE_264;Informazio-orrien konfigurazioa;Configuración Páxinas informativas;Configuració Pàgines informatives;Configuració Pàgines informatives
o170;i3;s13;w4;Configuración de categorías de sede electrónica;Activo;2026;IE_265;Egoitza elektronikoaren kategoriak konfiguratzea;Configuración de categorías de sede electrónica;Configuració de categories de seu electrònica;Configuració de categories de seu electrònica
o171;i3;s13;w3;Mantener actualizado  Banner avisos;Activo;2026;IE_266;Banner abisuak eguneratuta edukitzea;Manter actualizado Banner avisos;Mantenir actualitzat Bàner avisos;Mantindre actualitzat Bàner avisos
o172;i3;s9;w1;Aprobación convenio representación ;Activo;2026;IE_267;Ordezkaritzaren hitzarmena onartzea;Aprobación convenio representación;Aprovació conveni representació;Aprovació conveni representació
o173;i3;s9;w4;Configuración Representación de colectivos;Activo;2026;IE_268;Kolektiboen ordezkaritzaren konfigurazioa;Configuración Representación de colectivos;Configuració Representació de col·lectius;Configuració Representació de col·lectius
o174;i3;s9;w5;Implantación Representación de colectivos;Activo;2026;IE_269;Kolektiboen ordezkaritza ezartzea;Implantación Representación de colectivos;Implantació Representació de col·lectius;Implantació Representació de col·lectius
o175;i2;s33;w4;Revisión  configuración estados de expedientes (personalizados y genéricos) Revisión estados multidiomas;Activo;2026;IE_270;Espediente-egoeren konfigurazioaren berrikuspena (pertsonalizatuak eta generikoak);Revisión configuración estados de expedientes (personalizados e xenéricos) Revisión estados multidiomas;Revisió configuració estats d'expedients (personalitzats i genèrics) Revisió estats multidiomas;Revisió configuració estats d'expedients (personalitzats i genèrics) Revisió estats multidiomas
o176;i1;s2;w4;Revisión circuitos de tramitación (rol firmante, cambio estado, salida a interesado/representante, asignación salida );Activo;2026;IE_271;Izapidetze-zirkuituak berrikustea (sinatzailearen rola, egoera-aldaketa, interesdunaren/ordezkariaren irteera, irteera-esleipena);Revisión circuítos de tramitación (rol asinante, cambio estado, saída a interesado/representante, asignación saída );Revisió circuits de tramitació (rol signant, canvi estat, sortida a interessat/representant, assignació sortida );Revisió circuits de tramitació (rol firmant, canvi estat, eixida a interessat/representant, assignació eixida )
o177;i2;s21;w5;Implantación restricción de documentos;Activo;2026;IE_272;Dokumentuen murrizketa ezartzea;Implantación restrición de documentos;Implantació restricció de documents;Implantació restricció de documents
o178;i2;s21;w4;Implantar novedades 2025: Actualización tramitación reglada conforme nuevas funcionalidades (finalizar automáticamente, nuevas opcines de iniciación inmediata, nuevas condiciones al infalizar la tarea, ejecución sin intervención humana;Activo;2026;IE_273;Berritasunak ezartzea 2025ean: izapide arautua eguneratzea funtzionaltasun berrien arabera (automatikoki amaitzea, berehala hasteko aukera berriak, zeregina infaltzean baldintza berriak, gizakiaren esku-hartzerik gabe gauzatzea);Implantar novidades 2025: Actualización tramitación regrada conforme novas funcionalidades (finalizar automaticamente, novas opcines de iniciación inmediata, novas condicións ao infalizar a tarefa, execución sen intervención humana;Implantar novetats 2025: Actualització tramitació reglada conforme noves funcionalitats (finalitzar automàticament, noves opcines d'iniciació immediata, noves condicions al infalizar la tasca, execució sense intervenció humana;Implantar novetats 2025: Actualització tramitació reglada conforme noves funcionalitats (finalitzar automàticament, noves opcines d'iniciació immediata, noves condicions al infalizar la tasca, execució sense intervenció humana
o179;i3;s43;w3;Revisión terceros (incluir varios mails, por ejemplo para corporación);Activo;2026;IE_274;Hirugarrenen berrikuspena (mezu elektroniko batzuk sartu, adibidez korporaziorako);Revisión terceiros (incluír varios mails, por exemplo para corporación);Revisió tercers (incloure diversos mails, per exemple per a corporació);Revisió tercers (incloure diversos mails, per exemple per a corporació)
o180;i1;s2;w4;Certificación de usuarios de la entidad;Activo;2026;IE_275;Erakundearen erabiltzaileen ziurtagiria;Certificación de usuarios da entidade;Certificació d'usuaris de l'entitat;Certificació d'usuaris de l'entitat
o181;i1;s2;w2;Implantación del sistema de alertas personalizadas por usuario ;Activo;2026;IE_276;Erabiltzaile bakoitzeko alerta pertsonalizatuen sistema ezartzea;Implantación do sistema de alertas personalizadas por usuario;Implantació del sistema d'alertes personalitzades per usuari;Implantació del sistema d'alertes personalitzades per usuari
o182;i2;s20;w2;Reinstalar nueva APP móvil en entidades que hagan uso de la antigua;Activo;2026;IE_277;APP mugikor berria instalatzea zaharra erabiltzen duten erakundeetan;Reinstalar nova APP móbil en entidades que fagan uso da antiga;Reinstal·lar nova APP mòbil en entitats que facin ús de l'antiga;Reinstal·lar nova APP mòbil en entitats que facen ús de l'antiga
o183;i2;s4;w3;"Implantar novedades 2025: OOCC (órgano que resuelve y dictamina; varias resoluciones en una sesión de OOCC; desbloqueo, etc.)";Activo;2026;IE_278;"2025eko berrikuntzak ezartzea: OOCC (ebatzi eta irizpena ematen duen organoa; hainbat ebazpen OOCCren bilkura batean; desblokeoa, etab.)";"Implantar novidades 2025: OOCC (órgano que resolve e ditamina; varias resolucións nunha sesión de OOCC; desbloqueo etc.)/ etc.)";"Implantar novetats 2025: OOCC (òrgan que resol i dictamina; diverses resolucions en una sessió de OOCC; desbloqueig, etc.)";"Implantar novetats 2025: OOCC (òrgan que resol i dictamina; diverses resolucions en una sessió de OOCC; desbloqueig, etc.)"
o184;i2;s33;w4;Mantenimiento/actualización de piés de recurso;Activo;2026;IE_279;Baliabideko oinak mantentzea/eguneratzea;Mantemento/actualización de piés de recurso;Manteniment/actualització de piés de recurs;Manteniment/actualització de piés de recurs
